"","sector","StartDate","Category","activity","Indicator","Indicator2","Governorate","Gender","Partner","SiteType","appeal","Fundedby","allocation","rcode","gcode","Value","Units","location","region","poptype"
"14739","SHELTER","31/12/2014","Camps Adequate Shelter & Services","[REF1.1]Improving living conditions in Zaatar","# of people benefitting from existing shelters and associated facilities upgraded","Camps Syrian Men (Age 18 and above) # of people benefitting from existing shelters and associated facilities upgraded","IRBID","Men","UNHCR","   Urban areas - ","Indirect appeal","UNHCR","Yes",,,0,"# of benef","",,"Host Community"
"14740","SHELTER","31/12/2014","Camps Adequate Shelter & Services","[REF1.1]Improving living conditions in Zaatar","# of people benefitting from existing shelters and associated facilities upgraded","Camps Syrian Men (Age 18 and above) # of people benefitting from existing shelters and associated facilities upgraded","MAFRAQ","Women","UNHCR","   Urban areas - ","Indirect appeal","UNHCR","Yes",,,0,"# of benef","",,"Host Community"
"14741","SHELTER","31/12/2014","Camps Adequate Shelter & Services","[REF1.1]Improving living conditions in Zaatar","# of people benefitting from existing shelters and associated facilities upgraded","Camps Syrian Men (Age 18 and above) # of people benefitting from existing shelters and associated facilities upgraded","ZARQA","Girls","UNHCR","   Urban areas - ","Indirect appeal","UNHCR","Yes",,,0,"# of benef","",,"Host Community"
"14742","SHELTER","31/12/2014","Camps Adequate Shelter & Services","[REF1.1]Improving living conditions in Zaatar","# of people benefitting from existing shelters and associated facilities upgraded","Camps Syrian Men (Age 18 and above) # of people benefitting from existing shelters and associated facilities upgraded","AMMAN","Boys","UNHCR","   Urban areas - ","Indirect appeal","UNHCR","Yes",,,0,"# of benef","",,"Host Community"
"14743","SHELTER","31/12/2014","Camps Adequate Shelter & Services","[REF1.1]Improving living conditions in Zaatar","# of people benefitting from existing shelters and associated facilities upgraded","Camps Syrian Men (Age 18 and above) # of people benefitting from existing shelters and associated facilities upgraded","MAAN","Men","UNHCR","   Urban areas - ","Indirect appeal","UNHCR","Yes",,,0,"# of benef","",,"Host Community"
"14744","SHELTER","31/12/2014","Camps Adequate Shelter & Services","[REF1.1]Improving living conditions in Zaatar","# of people benefitting from existing shelters and associated facilities upgraded","Camps Syrian Men (Age 18 and above) # of people benefitting from existing shelters and associated facilities upgraded","AQABAH","Women","UNHCR","   Urban areas - ","Indirect appeal","UNHCR","Yes",,,0,"# of benef","",,"Host Community"
"14745","SHELTER","31/12/2014","Camps Adequate Shelter & Services","[REF1.1]Improving living conditions in Zaatar","# of people benefitting from existing shelters and associated facilities upgraded","Camps Syrian Men (Age 18 and above) # of people benefitting from existing shelters and associated facilities upgraded","TAFILAH","Girls","UNHCR","   Urban areas - ","Indirect appeal","UNHCR","Yes",,,0,"# of benef","",,"Host Community"
"14746","SHELTER","31/12/2014","Camps Adequate Shelter & Services","[REF1.1]Improving living conditions in Zaatar","# of people benefitting from existing shelters and associated facilities upgraded","Camps Syrian Men (Age 18 and above) # of people benefitting from existing shelters and associated facilities upgraded","KARAK","Boys","UNHCR","   Urban areas - ","Indirect appeal","UNHCR","Yes",,,0,"# of benef","",,"Host Community"
"14747","SHELTER","31/12/2014","Camps Adequate Shelter & Services","[REF1.1]Improving living conditions in Zaatar","# of people benefitting from existing shelters and associated facilities upgraded","Camps Syrian Men (Age 18 and above) # of people benefitting from existing shelters and associated facilities upgraded","MADABA","Men","UNHCR","   Urban areas - ","Indirect appeal","UNHCR","Yes",,,0,"# of benef","",,"Host Community"
"14748","SHELTER","31/12/2014","Camps Adequate Shelter & Services","[REF1.1]Improving living conditions in Zaatar","# of people benefitting from existing shelters and associated facilities upgraded","Camps Syrian Men (Age 18 and above) # of people benefitting from existing shelters and associated facilities upgraded","BALQA","Women","UNHCR","   Urban areas - ","Indirect appeal","UNHCR","Yes",,,0,"# of benef","",,"Host Community"
"14749","SHELTER","31/12/2014","Camps Adequate Shelter & Services","[REF1.1]Improving living conditions in Zaatar","# of people benefitting from existing shelters and associated facilities upgraded","Camps Syrian Men (Age 18 and above) # of people benefitting from existing shelters and associated facilities upgraded","JARASH","Girls","UNHCR","   Urban areas - ","Indirect appeal","UNHCR","Yes",,,0,"# of benef","",,"Host Community"
"14750","SHELTER","31/12/2014","Camps Adequate Shelter & Services","[REF1.1]Improving living conditions in Zaatar","# of people benefitting from existing shelters and associated facilities upgraded","Camps Syrian Men (Age 18 and above) # of people benefitting from existing shelters and associated facilities upgraded","AJLOUN","Boys","UNHCR","   Urban areas - ","Indirect appeal","UNHCR","Yes",,,0,"# of benef","",,"Host Community"
"14753","SHELTER","31/12/2014","Camps Adequate Shelter & Services","[REF1.1]Improving living conditions in Zaatar","# of people benefitting from existing shelters and associated facilities upgraded","Camps Syrian Men (Age 18 and above) # of people benefitting from existing shelters and associated facilities upgraded","Countrywide","Girls","UNHCR","   Urban areas - ","Indirect appeal","UNHCR","Yes",,,0,"# of benef","",,"Host Community"
"14754","SHELTER","31/12/2014","Camps Adequate Shelter & Services","[REF1.1]Improving living conditions in Zaatar","# of people benefitting from existing shelters and associated facilities upgraded","Camps Syrian Men (Age 18 and above) # of people benefitting from existing shelters and associated facilities upgraded","EJ Camp","Women","UNHCR","Camp    - ","Indirect appeal","UNHCR","Yes",,,0,"# of benef","",,"Camp"
"14755","SHELTER","31/12/2014","Camps Adequate Shelter & Services","[REF1.1]Improving living conditions in Zaatar","# of people benefitting from existing shelters and associated facilities upgraded","Camps Syrian Men (Age 18 and above) # of people benefitting from existing shelters and associated facilities upgraded","ZaatariCamp","Men","UNHCR","Camp    - ","Indirect appeal","UNHCR","Yes",,,0,"# of benef","District 11",,"Camp"
"14751","SHELTER","31/12/2014","Camps Adequate Shelter & Services","[REF1.1]Improving living conditions in Zaatar","# of people benefitting from existing shelters and associated facilities upgraded","Camps Syrian Men (Age 18 and above) # of people benefitting from existing shelters and associated facilities upgraded","ZaatariCamp","Men","UNHCR","Camp    - ","Indirect appeal","UNHCR","Yes",,,0,"# of benef","District 6",,"Camp"
"14752","SHELTER","31/12/2014","Camps Adequate Shelter & Services","[REF1.1]Improving living conditions in Zaatar","# of people benefitting from existing shelters and associated facilities upgraded","Camps Syrian Men (Age 18 and above) # of people benefitting from existing shelters and associated facilities upgraded","AzraqCamp","Women","UNHCR","Camp    - ","Indirect appeal","UNHCR","Yes",,,0,"# of benef","Village 6",,"Camp"
"854","SHELTER","31/1/2016","Cash for Rent","[REF2.1.1]Cash for Rent","ed conditional cash for rent assistance","# of vulnerable SYRIAN_MEN_IN_URBAN received conditional cash for rent assistance","BALQA","Men","Caritas","   Urban areas - ","Direct appeal","Caritas","Yes","2","1702",0,"# men","Al Balqa Governorate","Center","Urban"
"1053","SHELTER","29/2/2016","Cash for Rent","[REF2.1.1]Cash for Rent","ed conditional cash for rent assistance","# of vulnerable SYRIAN_MEN_IN_URBAN received conditional cash for rent assistance","BALQA","Men","Caritas","   Urban areas - ","Direct appeal","Caritas","Yes","2","1702",0,"# men","Al Balqa Governorate","Center","Urban"
"2486","SHELTER","29/2/2016","Cash for Rent","[REF2.1.1]Cash for Rent","ed conditional cash for rent assistance","# of vulnerable SYRIAN_MEN_IN_URBAN received conditional cash for rent assistance","AMMAN","Men","Caritas","   Urban areas - ","Direct appeal","Caritas","Yes","2","1705",52,"# men","Amman Governorate","Center","Urban"
"3990","SHELTER","31/1/2016","Cash for Rent","[REF2.1.1]Cash for Rent","ed conditional cash for rent assistance","# of vulnerable SYRIAN_MEN_IN_URBAN received conditional cash for rent assistance","AMMAN","Men","Caritas","   Urban areas - ","Direct appeal","Caritas","Yes","2","1705",52,"# men","Amman Governorate","Center","Urban"
"5959","SHELTER","31/1/2016","Cash for Rent","[REF2.1.1]Cash for Rent","ed conditional cash for rent assistance","# of vulnerable SYRIAN_MEN_IN_URBAN received conditional cash for rent assistance","IRBID","Men","Caritas","   Urban areas - ","Direct appeal","Caritas","Yes","1","1707",48,"# men","Irbid Governorate","North","Urban"
"6105","SHELTER","29/2/2016","Cash for Rent","[REF2.1.1]Cash for Rent","ed conditional cash for rent assistance","# of vulnerable SYRIAN_MEN_IN_URBAN received conditional cash for rent assistance","IRBID","Men","Caritas","   Urban areas - ","Direct appeal","Caritas","Yes","1","1707",48,"# men","Irbid Governorate","North","Urban"
"7993","SHELTER","31/1/2016","Cash for Rent","[REF2.1.1]Cash for Rent","ed conditional cash for rent assistance","# of vulnerable SYRIAN_MEN_IN_URBAN received conditional cash for rent assistance","KARAK","Men","Caritas","   Urban areas - ","Direct appeal","Caritas","Yes","3","1704",0,"# men","Karak Governorate","South","Urban"
"8627","SHELTER","29/2/2016","Cash for Rent","[REF2.1.1]Cash for Rent","ed conditional cash for rent assistance","# of vulnerable SYRIAN_MEN_IN_URBAN received conditional cash for rent assistance","KARAK","Men","Caritas","   Urban areas - ","Direct appeal","Caritas","Yes","3","1704",0,"# men","Karak Governorate","South","Urban"
"9741","SHELTER","29/2/2016","Cash for Rent","[REF2.1.1]Cash for Rent","ed conditional cash for rent assistance","# of vulnerable SYRIAN_MEN_IN_URBAN received conditional cash for rent assistance","MAFRAQ","Men","ICMC","  Other[Villages, Rural areas]  - ","Direct appeal","None - Fund direct from Donors","Yes","1","1711",1,"# men","Liwa al Badiyah ash Shamaliyah","North","Urban"
"9968","SHELTER","31/1/2016","Cash for Rent","[REF2.1.1]Cash for Rent","ed conditional cash for rent assistance","# of vulnerable SYRIAN_MEN_IN_URBAN received conditional cash for rent assistance","MAFRAQ","Men","ICMC","  Other[Villages, Rural areas]  - ","Direct appeal","None - Fund direct from Donors","Yes","1","1711",0,"# men","Liwa al Badiyah ash Shamaliyah","North","Urban"
"11614","SHELTER","31/1/2016","Cash for Rent","[REF2.1.1]Cash for Rent","ed conditional cash for rent assistance","# of vulnerable SYRIAN_MEN_IN_URBAN received conditional cash for rent assistance","MAFRAQ","Men","ICMC","  Other[Villages, Rural areas]  - ","Direct appeal","None - Fund direct from Donors","Yes","1","1711",0,"# men","Liwa al Badiyah ash Shamaliyah al Gharbiyah","North","Urban"
"11926","SHELTER","29/2/2016","Cash for Rent","[REF2.1.1]Cash for Rent","ed conditional cash for rent assistance","# of vulnerable SYRIAN_MEN_IN_URBAN received conditional cash for rent assistance","MAFRAQ","Men","ICMC","  Other[Villages, Rural areas]  - ","Direct appeal","None - Fund direct from Donors","Yes","1","1711",32,"# men","Liwa al Badiyah ash Shamaliyah al Gharbiyah","North","Urban"
"5591","SHELTER","29/2/2016","Cash for Rent","[REF2.1.1]Cash for Rent","ed conditional cash for rent assistance","# of vulnerable SYRIAN_MEN_IN_URBAN received conditional cash for rent assistance","IRBID","Men","ICMC","  Other[Villages, Rural areas]  - ","Direct appeal","None - Fund direct from Donors","Yes","1","1707",0,"# men","Liwa al Mazar ash Shamali","North","Urban"
"5611","SHELTER","31/1/2016","Cash for Rent","[REF2.1.1]Cash for Rent","ed conditional cash for rent assistance","# of vulnerable SYRIAN_MEN_IN_URBAN received conditional cash for rent assistance","IRBID","Men","ICMC","  Other[Villages, Rural areas]  - ","Direct appeal","None - Fund direct from Donors","Yes","1","1707",15,"# men","Liwa al Mazar ash Shamali","North","Urban"
"7385","SHELTER","31/1/2016","Cash for Rent","[REF2.1.1]Cash for Rent","ed conditional cash for rent assistance","# of vulnerable SYRIAN_MEN_IN_URBAN received conditional cash for rent assistance","IRBID","Men","ICMC","  Other[Villages, Rural areas]  - ","Direct appeal","None - Fund direct from Donors","Yes","1","1707",1,"# men","Liwa al Wasatiyah","North","Urban"
"7391","SHELTER","29/2/2016","Cash for Rent","[REF2.1.1]Cash for Rent","ed conditional cash for rent assistance","# of vulnerable SYRIAN_MEN_IN_URBAN received conditional cash for rent assistance","IRBID","Men","ICMC","  Other[Villages, Rural areas]  - ","Direct appeal","None - Fund direct from Donors","Yes","1","1707",3,"# men","Liwa al Wasatiyah","North","Urban"
"6798","SHELTER","29/2/2016","Cash for Rent","[REF2.1.1]Cash for Rent","ed conditional cash for rent assistance","# of vulnerable SYRIAN_MEN_IN_URBAN received conditional cash for rent assistance","IRBID","Men","ICMC","  Other[Villages, Rural areas]  - ","Direct appeal","None - Fund direct from Donors","Yes","1","1707",4,"# men","Liwa ar Ramtha","North","Urban"
"6802","SHELTER","31/1/2016","Cash for Rent","[REF2.1.1]Cash for Rent","ed conditional cash for rent assistance","# of vulnerable SYRIAN_MEN_IN_URBAN received conditional cash for rent assistance","IRBID","Men","ICMC","  Other[Villages, Rural areas]  - ","Direct appeal","None - Fund direct from Donors","Yes","1","1707",1,"# men","Liwa ar Ramtha","North","Urban"
"7322","SHELTER","29/2/2016","Cash for Rent","[REF2.1.1]Cash for Rent","ed conditional cash for rent assistance","# of vulnerable SYRIAN_MEN_IN_URBAN received conditional cash for rent assistance","IRBID","Men","ICMC","  Other[Villages, Rural areas]  - ","Direct appeal","None - Fund direct from Donors","Yes","1","1707",1,"# men","Liwa Bani Ubayid","North","Urban"
"7332","SHELTER","31/1/2016","Cash for Rent","[REF2.1.1]Cash for Rent","ed conditional cash for rent assistance","# of vulnerable SYRIAN_MEN_IN_URBAN received conditional cash for rent assistance","IRBID","Men","ICMC","  Other[Villages, Rural areas]  - ","Direct appeal","None - Fund direct from Donors","Yes","1","1707",0,"# men","Liwa Bani Ubayid","North","Urban"
"10395","SHELTER","29/2/2016","Cash for Rent","[REF2.1.1]Cash for Rent","ed conditional cash for rent assistance","# of vulnerable SYRIAN_MEN_IN_URBAN received conditional cash for rent assistance","MAFRAQ","Men","ICMC","  Other[Villages, Rural areas]  - ","Direct appeal","None - Fund direct from Donors","Yes","1","1711",41,"# men","Liwa Qasabat al Mafraq","North","Urban"
"10587","SHELTER","31/1/2016","Cash for Rent","[REF2.1.1]Cash for Rent","ed conditional cash for rent assistance","# of vulnerable SYRIAN_MEN_IN_URBAN received conditional cash for rent assistance","MAFRAQ","Men","ICMC","  Other[Villages, Rural areas]  - ","Direct appeal","None - Fund direct from Donors","Yes","1","1711",47,"# men","Liwa Qasabat al Mafraq","North","Urban"
"5759","SHELTER","31/1/2016","Cash for Rent","[REF2.1.1]Cash for Rent","ed conditional cash for rent assistance","# of vulnerable SYRIAN_MEN_IN_URBAN received conditional cash for rent assistance","IRBID","Men","ICMC","   Urban areas - ","Direct appeal","None - Fund direct from Donors","Yes","1","1707",20,"# men","Liwa Qasabat Irbid","North","Urban"
"7230","SHELTER","29/2/2016","Cash for Rent","[REF2.1.1]Cash for Rent","ed conditional cash for rent assistance","# of vulnerable SYRIAN_MEN_IN_URBAN received conditional cash for rent assistance","IRBID","Men","ICMC","   Urban areas - ","Direct appeal","None - Fund direct from Donors","Yes","1","1707",35,"# men","Liwa Qasabat Irbid","North","Urban"
"7837","SHELTER","29/2/2016","Cash for Rent","[REF2.1.1]Cash for Rent","ed conditional cash for rent assistance","# of vulnerable SYRIAN_MEN_IN_URBAN received conditional cash for rent assistance","JARASH","Men","ICMC","  Other[Villages, Rural areas]  - ","Direct appeal","None - Fund direct from Donors","Yes","1","1708",0,"# men","Liwa Qasabat Jarash","North","Urban"
"7903","SHELTER","31/1/2016","Cash for Rent","[REF2.1.1]Cash for Rent","ed conditional cash for rent assistance","# of vulnerable SYRIAN_MEN_IN_URBAN received conditional cash for rent assistance","JARASH","Men","ICMC","  Other[Villages, Rural areas]  - ","Direct appeal","None - Fund direct from Donors","Yes","1","1708",0,"# men","Liwa Qasabat Jarash","North","Urban"
"9236","SHELTER","29/2/2016","Cash for Rent","[REF2.1.1]Cash for Rent","ed conditional cash for rent assistance","# of vulnerable SYRIAN_MEN_IN_URBAN received conditional cash for rent assistance","MADABA","Men","Caritas","   Urban areas - ","Direct appeal","Caritas","Yes","2","1710",29,"# men","Madaba Governorate","Center","Urban"
"9595","SHELTER","31/1/2016","Cash for Rent","[REF2.1.1]Cash for Rent","ed conditional cash for rent assistance","# of vulnerable SYRIAN_MEN_IN_URBAN received conditional cash for rent assistance","MADABA","Men","Caritas","   Urban areas - ","Direct appeal","Caritas","Yes","2","1710",29,"# men","Madaba Governorate","Center","Urban"
"11597","SHELTER","29/2/2016","Cash for Rent","[REF2.1.1]Cash for Rent","ed conditional cash for rent assistance","# of vulnerable SYRIAN_MEN_IN_URBAN received conditional cash for rent assistance","MAFRAQ","Men","Caritas","   Urban areas - ","Direct appeal","Caritas","Yes","1","1711",0,"# men","Mafraq Governorate","North","Urban"
"11656","SHELTER","31/1/2016","Cash for Rent","[REF2.1.1]Cash for Rent","ed conditional cash for rent assistance","# of vulnerable SYRIAN_MEN_IN_URBAN received conditional cash for rent assistance","MAFRAQ","Men","Caritas","   Urban areas - ","Direct appeal","Caritas","Yes","1","1711",0,"# men","Mafraq Governorate","North","Urban"
"12351","SHELTER","29/2/2016","Cash for Rent","[REF2.1.1]Cash for Rent","ed conditional cash for rent assistance","# of vulnerable SYRIAN_MEN_IN_URBAN received conditional cash for rent assistance","ZARQA","Men","Caritas","   Urban areas - ","Direct appeal","Caritas","Yes","1","1712",38,"# men","Zarqa Governorate","North","Urban"
"12617","SHELTER","31/1/2016","Cash for Rent","[REF2.1.1]Cash for Rent","ed conditional cash for rent assistance","# of vulnerable SYRIAN_MEN_IN_URBAN received conditional cash for rent assistance","ZARQA","Men","Caritas","   Urban areas - ","Direct appeal","Caritas","Yes","1","1712",38,"# men","Zarqa Governorate","North","Urban"
"866","SHELTER","31/1/2016","Cash for Rent","[REF2.1.1]Cash for Rent","ional cash for rent assistance","# of vulnerable SYRIAN_GIRLS_IN_URBAN received conditional cash for rent assistance","BALQA","Girls","Caritas","   Urban areas - ","Direct appeal","Caritas","Yes","2","1702",0,"# girls","Al Balqa Governorate","Center","Urban"
"1580","SHELTER","29/2/2016","Cash for Rent","[REF2.1.1]Cash for Rent","ional cash for rent assistance","# of vulnerable SYRIAN_WOMEN_IN_URBAN received conditional cash for rent assistance","BALQA","Women","Caritas","   Urban areas - ","Direct appeal","Caritas","Yes","2","1702",0,"# HH","Al Balqa Governorate","Center","Urban"
"1687","SHELTER","29/2/2016","Cash for Rent","[REF2.1.1]Cash for Rent","ional cash for rent assistance","# of vulnerable SYRIAN_GIRLS_IN_URBAN received conditional cash for rent assistance","BALQA","Girls","Caritas","   Urban areas - ","Direct appeal","Caritas","Yes","2","1702",0,"# girls","Al Balqa Governorate","Center","Urban"
"1691","SHELTER","31/1/2016","Cash for Rent","[REF2.1.1]Cash for Rent","ional cash for rent assistance","# of vulnerable SYRIAN_WOMEN_IN_URBAN received conditional cash for rent assistance","BALQA","Women","Caritas","   Urban areas - ","Direct appeal","Caritas","Yes","2","1702",0,"# HH","Al Balqa Governorate","Center","Urban"
"1834","SHELTER","29/2/2016","Cash for Rent","[REF2.1.1]Cash for Rent","ional cash for rent assistance","# of vulnerable SYRIAN_GIRLS_IN_URBAN received conditional cash for rent assistance","AMMAN","Girls","Caritas","   Urban areas - ","Direct appeal","Caritas","Yes","2","1705",80,"# girls","Amman Governorate","Center","Urban"
"2325","SHELTER","29/2/2016","Cash for Rent","[REF2.1.1]Cash for Rent","ional cash for rent assistance","# of vulnerable SYRIAN_WOMEN_IN_URBAN received conditional cash for rent assistance","AMMAN","Women","Caritas","   Urban areas - ","Direct appeal","Caritas","Yes","2","1705",77,"# HH","Amman Governorate","Center","Urban"
"3543","SHELTER","31/1/2016","Cash for Rent","[REF2.1.1]Cash for Rent","ional cash for rent assistance","# of vulnerable SYRIAN_GIRLS_IN_URBAN received conditional cash for rent assistance","AMMAN","Girls","Caritas","   Urban areas - ","Direct appeal","Caritas","Yes","2","1705",80,"# girls","Amman Governorate","Center","Urban"
"3910","SHELTER","31/1/2016","Cash for Rent","[REF2.1.1]Cash for Rent","ional cash for rent assistance","# of vulnerable SYRIAN_WOMEN_IN_URBAN received conditional cash for rent assistance","AMMAN","Women","Caritas","   Urban areas - ","Direct appeal","Caritas","Yes","2","1705",77,"# HH","Amman Governorate","Center","Urban"
"4742","SHELTER","31/1/2016","Cash for Rent","[REF2.1.1]Cash for Rent","ional cash for rent assistance","# of vulnerable SYRIAN_WOMEN_IN_URBAN received conditional cash for rent assistance","IRBID","Women","Caritas","   Urban areas - ","Direct appeal","Caritas","Yes","1","1707",70,"# HH","Irbid Governorate","North","Urban"
"6344","SHELTER","29/2/2016","Cash for Rent","[REF2.1.1]Cash for Rent","ional cash for rent assistance","# of vulnerable SYRIAN_GIRLS_IN_URBAN received conditional cash for rent assistance","IRBID","Girls","Caritas","   Urban areas - ","Direct appeal","Caritas","Yes","1","1707",40,"# girls","Irbid Governorate","North","Urban"
"6508","SHELTER","29/2/2016","Cash for Rent","[REF2.1.1]Cash for Rent","ional cash for rent assistance","# of vulnerable SYRIAN_WOMEN_IN_URBAN received conditional cash for rent assistance","IRBID","Women","Caritas","   Urban areas - ","Direct appeal","Caritas","Yes","1","1707",70,"# HH","Irbid Governorate","North","Urban"
"6647","SHELTER","31/1/2016","Cash for Rent","[REF2.1.1]Cash for Rent","ional cash for rent assistance","# of vulnerable SYRIAN_GIRLS_IN_URBAN received conditional cash for rent assistance","IRBID","Girls","Caritas","   Urban areas - ","Direct appeal","Caritas","Yes","1","1707",40,"# girls","Irbid Governorate","North","Urban"
"8005","SHELTER","31/1/2016","Cash for Rent","[REF2.1.1]Cash for Rent","ional cash for rent assistance","# of vulnerable SYRIAN_GIRLS_IN_URBAN received conditional cash for rent assistance","KARAK","Girls","Caritas","   Urban areas - ","Direct appeal","Caritas","Yes","3","1704",0,"# girls","Karak Governorate","South","Urban"
"8022","SHELTER","29/2/2016","Cash for Rent","[REF2.1.1]Cash for Rent","ional cash for rent assistance","# of vulnerable SYRIAN_WOMEN_IN_URBAN received conditional cash for rent assistance","KARAK","Women","Caritas","   Urban areas - ","Direct appeal","Caritas","Yes","3","1704",0,"# HH","Karak Governorate","South","Urban"
"8449","SHELTER","29/2/2016","Cash for Rent","[REF2.1.1]Cash for Rent","ional cash for rent assistance","# of vulnerable SYRIAN_GIRLS_IN_URBAN received conditional cash for rent assistance","KARAK","Girls","Caritas","   Urban areas - ","Direct appeal","Caritas","Yes","3","1704",0,"# girls","Karak Governorate","South","Urban"
"8529","SHELTER","31/1/2016","Cash for Rent","[REF2.1.1]Cash for Rent","ional cash for rent assistance","# of vulnerable SYRIAN_WOMEN_IN_URBAN received conditional cash for rent assistance","KARAK","Women","Caritas","   Urban areas - ","Direct appeal","Caritas","Yes","3","1704",0,"# HH","Karak Governorate","South","Urban"
"9834","SHELTER","29/2/2016","Cash for Rent","[REF2.1.1]Cash for Rent","ional cash for rent assistance","# of vulnerable SYRIAN_GIRLS_IN_URBAN received conditional cash for rent assistance","MAFRAQ","Girls","ICMC","  Other[Villages, Rural areas]  - ","Direct appeal","None - Fund direct from Donors","Yes","1","1711",3,"# girls","Liwa al Badiyah ash Shamaliyah","North","Urban"
"9840","SHELTER","31/1/2016","Cash for Rent","[REF2.1.1]Cash for Rent","ional cash for rent assistance","# of vulnerable SYRIAN_WOMEN_IN_URBAN received conditional cash for rent assistance","MAFRAQ","Women","ICMC","  Other[Villages, Rural areas]  - ","Direct appeal","None - Fund direct from Donors","Yes","1","1711",0,"# HH","Liwa al Badiyah ash Shamaliyah","North","Urban"
"9852","SHELTER","29/2/2016","Cash for Rent","[REF2.1.1]Cash for Rent","ional cash for rent assistance","# of vulnerable SYRIAN_WOMEN_IN_URBAN received conditional cash for rent assistance","MAFRAQ","Women","ICMC","  Other[Villages, Rural areas]  - ","Direct appeal","None - Fund direct from Donors","Yes","1","1711",1,"# HH","Liwa al Badiyah ash Shamaliyah","North","Urban"
"9969","SHELTER","31/1/2016","Cash for Rent","[REF2.1.1]Cash for Rent","ional cash for rent assistance","# of vulnerable SYRIAN_GIRLS_IN_URBAN received conditional cash for rent assistance","MAFRAQ","Girls","ICMC","  Other[Villages, Rural areas]  - ","Direct appeal","None - Fund direct from Donors","Yes","1","1711",0,"# girls","Liwa al Badiyah ash Shamaliyah","North","Urban"
"11465","SHELTER","31/1/2016","Cash for Rent","[REF2.1.1]Cash for Rent","ional cash for rent assistance","# of vulnerable SYRIAN_WOMEN_IN_URBAN received conditional cash for rent assistance","MAFRAQ","Women","ICMC","  Other[Villages, Rural areas]  - ","Direct appeal","None - Fund direct from Donors","Yes","1","1711",0,"# HH","Liwa al Badiyah ash Shamaliyah al Gharbiyah","North","Urban"
"11927","SHELTER","29/2/2016","Cash for Rent","[REF2.1.1]Cash for Rent","ional cash for rent assistance","# of vulnerable SYRIAN_GIRLS_IN_URBAN received conditional cash for rent assistance","MAFRAQ","Girls","ICMC","  Other[Villages, Rural areas]  - ","Direct appeal","None - Fund direct from Donors","Yes","1","1711",44,"# girls","Liwa al Badiyah ash Shamaliyah al Gharbiyah","North","Urban"
"11930","SHELTER","31/1/2016","Cash for Rent","[REF2.1.1]Cash for Rent","ional cash for rent assistance","# of vulnerable SYRIAN_GIRLS_IN_URBAN received conditional cash for rent assistance","MAFRAQ","Girls","ICMC","  Other[Villages, Rural areas]  - ","Direct appeal","None - Fund direct from Donors","Yes","1","1711",0,"# girls","Liwa al Badiyah ash Shamaliyah al Gharbiyah","North","Urban"
"12115","SHELTER","29/2/2016","Cash for Rent","[REF2.1.1]Cash for Rent","ional cash for rent assistance","# of vulnerable SYRIAN_WOMEN_IN_URBAN received conditional cash for rent assistance","MAFRAQ","Women","ICMC","  Other[Villages, Rural areas]  - ","Direct appeal","None - Fund direct from Donors","Yes","1","1711",42,"# HH","Liwa al Badiyah ash Shamaliyah al Gharbiyah","North","Urban"
"4805","SHELTER","29/2/2016","Cash for Rent","[REF2.1.1]Cash for Rent","ional cash for rent assistance","# of vulnerable SYRIAN_GIRLS_IN_URBAN received conditional cash for rent assistance","IRBID","Girls","ICMC","  Other[Villages, Rural areas]  - ","Direct appeal","None - Fund direct from Donors","Yes","1","1707",0,"# girls","Liwa al Mazar ash Shamali","North","Urban"
"5220","SHELTER","31/1/2016","Cash for Rent","[REF2.1.1]Cash for Rent","ional cash for rent assistance","# of vulnerable SYRIAN_GIRLS_IN_URBAN received conditional cash for rent assistance","IRBID","Girls","ICMC","  Other[Villages, Rural areas]  - ","Direct appeal","None - Fund direct from Donors","Yes","1","1707",35,"# girls","Liwa al Mazar ash Shamali","North","Urban"
"5251","SHELTER","31/1/2016","Cash for Rent","[REF2.1.1]Cash for Rent","ional cash for rent assistance","# of vulnerable SYRIAN_WOMEN_IN_URBAN received conditional cash for rent assistance","IRBID","Women","ICMC","  Other[Villages, Rural areas]  - ","Direct appeal","None - Fund direct from Donors","Yes","1","1707",28,"# HH","Liwa al Mazar ash Shamali","North","Urban"
"5592","SHELTER","29/2/2016","Cash for Rent","[REF2.1.1]Cash for Rent","ional cash for rent assistance","# of vulnerable SYRIAN_WOMEN_IN_URBAN received conditional cash for rent assistance","IRBID","Women","ICMC","  Other[Villages, Rural areas]  - ","Direct appeal","None - Fund direct from Donors","Yes","1","1707",0,"# HH","Liwa al Mazar ash Shamali","North","Urban"
"7317","SHELTER","31/1/2016","Cash for Rent","[REF2.1.1]Cash for Rent","ional cash for rent assistance","# of vulnerable SYRIAN_WOMEN_IN_URBAN received conditional cash for rent assistance","IRBID","Women","ICMC","  Other[Villages, Rural areas]  - ","Direct appeal","None - Fund direct from Donors","Yes","1","1707",1,"# HH","Liwa al Wasatiyah","North","Urban"
"7373","SHELTER","29/2/2016","Cash for Rent","[REF2.1.1]Cash for Rent","ional cash for rent assistance","# of vulnerable SYRIAN_GIRLS_IN_URBAN received conditional cash for rent assistance","IRBID","Girls","ICMC","  Other[Villages, Rural areas]  - ","Direct appeal","None - Fund direct from Donors","Yes","1","1707",3,"# girls","Liwa al Wasatiyah","North","Urban"
"7376","SHELTER","29/2/2016","Cash for Rent","[REF2.1.1]Cash for Rent","ional cash for rent assistance","# of vulnerable SYRIAN_WOMEN_IN_URBAN received conditional cash for rent assistance","IRBID","Women","ICMC","  Other[Villages, Rural areas]  - ","Direct appeal","None - Fund direct from Donors","Yes","1","1707",6,"# HH","Liwa al Wasatiyah","North","Urban"
"7388","SHELTER","31/1/2016","Cash for Rent","[REF2.1.1]Cash for Rent","ional cash for rent assistance","# of vulnerable SYRIAN_GIRLS_IN_URBAN received conditional cash for rent assistance","IRBID","Girls","ICMC","  Other[Villages, Rural areas]  - ","Direct appeal","None - Fund direct from Donors","Yes","1","1707",2,"# girls","Liwa al Wasatiyah","North","Urban"
"4681","SHELTER","31/1/2016","Cash for Rent","[REF2.1.1]Cash for Rent","ional cash for rent assistance","# of vulnerable SYRIAN_WOMEN_IN_URBAN received conditional cash for rent assistance","IRBID","Women","ICMC","  Other[Villages, Rural areas]  - ","Direct appeal","None - Fund direct from Donors","Yes","1","1707",0,"# HH","Liwa ar Ramtha","North","Urban"
"6785","SHELTER","29/2/2016","Cash for Rent","[REF2.1.1]Cash for Rent","ional cash for rent assistance","# of vulnerable SYRIAN_WOMEN_IN_URBAN received conditional cash for rent assistance","IRBID","Women","ICMC","  Other[Villages, Rural areas]  - ","Direct appeal","None - Fund direct from Donors","Yes","1","1707",4,"# HH","Liwa ar Ramtha","North","Urban"
"6787","SHELTER","31/1/2016","Cash for Rent","[REF2.1.1]Cash for Rent","ional cash for rent assistance","# of vulnerable SYRIAN_GIRLS_IN_URBAN received conditional cash for rent assistance","IRBID","Girls","ICMC","  Other[Villages, Rural areas]  - ","Direct appeal","None - Fund direct from Donors","Yes","1","1707",1,"# girls","Liwa ar Ramtha","North","Urban"
"7009","SHELTER","29/2/2016","Cash for Rent","[REF2.1.1]Cash for Rent","ional cash for rent assistance","# of vulnerable SYRIAN_GIRLS_IN_URBAN received conditional cash for rent assistance","IRBID","Girls","ICMC","  Other[Villages, Rural areas]  - ","Direct appeal","None - Fund direct from Donors","Yes","1","1707",10,"# girls","Liwa ar Ramtha","North","Urban"
"7195","SHELTER","31/1/2016","Cash for Rent","[REF2.1.1]Cash for Rent","ional cash for rent assistance","# of vulnerable SYRIAN_WOMEN_IN_URBAN received conditional cash for rent assistance","IRBID","Women","ICMC","  Other[Villages, Rural areas]  - ","Direct appeal","None - Fund direct from Donors","Yes","1","1707",0,"# HH","Liwa Bani Ubayid","North","Urban"
"7197","SHELTER","29/2/2016","Cash for Rent","[REF2.1.1]Cash for Rent","ional cash for rent assistance","# of vulnerable SYRIAN_WOMEN_IN_URBAN received conditional cash for rent assistance","IRBID","Women","ICMC","  Other[Villages, Rural areas]  - ","Direct appeal","None - Fund direct from Donors","Yes","1","1707",1,"# HH","Liwa Bani Ubayid","North","Urban"
"7245","SHELTER","29/2/2016","Cash for Rent","[REF2.1.1]Cash for Rent","ional cash for rent assistance","# of vulnerable SYRIAN_GIRLS_IN_URBAN received conditional cash for rent assistance","IRBID","Girls","ICMC","  Other[Villages, Rural areas]  - ","Direct appeal","None - Fund direct from Donors","Yes","1","1707",0,"# girls","Liwa Bani Ubayid","North","Urban"
"7246","SHELTER","31/1/2016","Cash for Rent","[REF2.1.1]Cash for Rent","ional cash for rent assistance","# of vulnerable SYRIAN_GIRLS_IN_URBAN received conditional cash for rent assistance","IRBID","Girls","ICMC","  Other[Villages, Rural areas]  - ","Direct appeal","None - Fund direct from Donors","Yes","1","1707",0,"# girls","Liwa Bani Ubayid","North","Urban"
"10421","SHELTER","29/2/2016","Cash for Rent","[REF2.1.1]Cash for Rent","ional cash for rent assistance","# of vulnerable SYRIAN_GIRLS_IN_URBAN received conditional cash for rent assistance","MAFRAQ","Girls","ICMC","  Other[Villages, Rural areas]  - ","Direct appeal","None - Fund direct from Donors","Yes","1","1711",57,"# girls","Liwa Qasabat al Mafraq","North","Urban"
"10462","SHELTER","29/2/2016","Cash for Rent","[REF2.1.1]Cash for Rent","ional cash for rent assistance","# of vulnerable SYRIAN_WOMEN_IN_URBAN received conditional cash for rent assistance","MAFRAQ","Women","ICMC","  Other[Villages, Rural areas]  - ","Direct appeal","None - Fund direct from Donors","Yes","1","1711",51,"# HH","Liwa Qasabat al Mafraq","North","Urban"
"10490","SHELTER","31/1/2016","Cash for Rent","[REF2.1.1]Cash for Rent","ional cash for rent assistance","# of vulnerable SYRIAN_GIRLS_IN_URBAN received conditional cash for rent assistance","MAFRAQ","Girls","ICMC","  Other[Villages, Rural areas]  - ","Direct appeal","None - Fund direct from Donors","Yes","1","1711",78,"# girls","Liwa Qasabat al Mafraq","North","Urban"
"10627","SHELTER","31/1/2016","Cash for Rent","[REF2.1.1]Cash for Rent","ional cash for rent assistance","# of vulnerable SYRIAN_WOMEN_IN_URBAN received conditional cash for rent assistance","MAFRAQ","Women","ICMC","  Other[Villages, Rural areas]  - ","Direct appeal","None - Fund direct from Donors","Yes","1","1711",70,"# HH","Liwa Qasabat al Mafraq","North","Urban"
"5761","SHELTER","31/1/2016","Cash for Rent","[REF2.1.1]Cash for Rent","ional cash for rent assistance","# of vulnerable SYRIAN_GIRLS_IN_URBAN received conditional cash for rent assistance","IRBID","Girls","ICMC","   Urban areas - ","Direct appeal","None - Fund direct from Donors","Yes","1","1707",32,"# girls","Liwa Qasabat Irbid","North","Urban"
"6690","SHELTER","31/1/2016","Cash for Rent","[REF2.1.1]Cash for Rent","ional cash for rent assistance","# of vulnerable SYRIAN_WOMEN_IN_URBAN received conditional cash for rent assistance","IRBID","Women","ICMC","   Urban areas - ","Direct appeal","None - Fund direct from Donors","Yes","1","1707",33,"# HH","Liwa Qasabat Irbid","North","Urban"
"7130","SHELTER","29/2/2016","Cash for Rent","[REF2.1.1]Cash for Rent","ional cash for rent assistance","# of vulnerable SYRIAN_GIRLS_IN_URBAN received conditional cash for rent assistance","IRBID","Girls","ICMC","   Urban areas - ","Direct appeal","None - Fund direct from Donors","Yes","1","1707",66,"# girls","Liwa Qasabat Irbid","North","Urban"
"7280","SHELTER","29/2/2016","Cash for Rent","[REF2.1.1]Cash for Rent","ional cash for rent assistance","# of vulnerable SYRIAN_WOMEN_IN_URBAN received conditional cash for rent assistance","IRBID","Women","ICMC","   Urban areas - ","Direct appeal","None - Fund direct from Donors","Yes","1","1707",61,"# HH","Liwa Qasabat Irbid","North","Urban"
"7718","SHELTER","29/2/2016","Cash for Rent","[REF2.1.1]Cash for Rent","ional cash for rent assistance","# of vulnerable SYRIAN_GIRLS_IN_URBAN received conditional cash for rent assistance","JARASH","Girls","ICMC","  Other[Villages, Rural areas]  - ","Direct appeal","None - Fund direct from Donors","Yes","1","1708",0,"# girls","Liwa Qasabat Jarash","North","Urban"
"7734","SHELTER","29/2/2016","Cash for Rent","[REF2.1.1]Cash for Rent","ional cash for rent assistance","# of vulnerable SYRIAN_WOMEN_IN_URBAN received conditional cash for rent assistance","JARASH","Women","ICMC","  Other[Villages, Rural areas]  - ","Direct appeal","None - Fund direct from Donors","Yes","1","1708",0,"# HH","Liwa Qasabat Jarash","North","Urban"
"7904","SHELTER","31/1/2016","Cash for Rent","[REF2.1.1]Cash for Rent","ional cash for rent assistance","# of vulnerable SYRIAN_WOMEN_IN_URBAN received conditional cash for rent assistance","JARASH","Women","ICMC","  Other[Villages, Rural areas]  - ","Direct appeal","None - Fund direct from Donors","Yes","1","1708",0,"# HH","Liwa Qasabat Jarash","North","Urban"
"7906","SHELTER","31/1/2016","Cash for Rent","[REF2.1.1]Cash for Rent","ional cash for rent assistance","# of vulnerable SYRIAN_GIRLS_IN_URBAN received conditional cash for rent assistance","JARASH","Girls","ICMC","  Other[Villages, Rural areas]  - ","Direct appeal","None - Fund direct from Donors","Yes","1","1708",0,"# girls","Liwa Qasabat Jarash","North","Urban"
"9405","SHELTER","29/2/2016","Cash for Rent","[REF2.1.1]Cash for Rent","ional cash for rent assistance","# of vulnerable SYRIAN_GIRLS_IN_URBAN received conditional cash for rent assistance","MADABA","Girls","Caritas","   Urban areas - ","Direct appeal","Caritas","Yes","2","1710",42,"# girls","Madaba Governorate","Center","Urban"
"9413","SHELTER","29/2/2016","Cash for Rent","[REF2.1.1]Cash for Rent","ional cash for rent assistance","# of vulnerable SYRIAN_WOMEN_IN_URBAN received conditional cash for rent assistance","MADABA","Women","Caritas","   Urban areas - ","Direct appeal","Caritas","Yes","2","1710",42,"# HH","Madaba Governorate","Center","Urban"
"9560","SHELTER","31/1/2016","Cash for Rent","[REF2.1.1]Cash for Rent","ional cash for rent assistance","# of vulnerable SYRIAN_WOMEN_IN_URBAN received conditional cash for rent assistance","MADABA","Women","Caritas","   Urban areas - ","Direct appeal","Caritas","Yes","2","1710",42,"# HH","Madaba Governorate","Center","Urban"
"9601","SHELTER","31/1/2016","Cash for Rent","[REF2.1.1]Cash for Rent","ional cash for rent assistance","# of vulnerable SYRIAN_GIRLS_IN_URBAN received conditional cash for rent assistance","MADABA","Girls","Caritas","   Urban areas - ","Direct appeal","Caritas","Yes","2","1710",42,"# girls","Madaba Governorate","Center","Urban"
"9773","SHELTER","29/2/2016","Cash for Rent","[REF2.1.1]Cash for Rent","ional cash for rent assistance","# of vulnerable SYRIAN_WOMEN_IN_URBAN received conditional cash for rent assistance","MAFRAQ","Women","Caritas","   Urban areas - ","Direct appeal","Caritas","Yes","1","1711",0,"# HH","Mafraq Governorate","North","Urban"
"11110","SHELTER","29/2/2016","Cash for Rent","[REF2.1.1]Cash for Rent","ional cash for rent assistance","# of vulnerable SYRIAN_GIRLS_IN_URBAN received conditional cash for rent assistance","MAFRAQ","Girls","Caritas","   Urban areas - ","Direct appeal","Caritas","Yes","1","1711",0,"# girls","Mafraq Governorate","North","Urban"
"11455","SHELTER","31/1/2016","Cash for Rent","[REF2.1.1]Cash for Rent","ional cash for rent assistance","# of vulnerable SYRIAN_GIRLS_IN_URBAN received conditional cash for rent assistance","MAFRAQ","Girls","Caritas","   Urban areas - ","Direct appeal","Caritas","Yes","1","1711",0,"# girls","Mafraq Governorate","North","Urban"
"12119","SHELTER","31/1/2016","Cash for Rent","[REF2.1.1]Cash for Rent","ional cash for rent assistance","# of vulnerable SYRIAN_WOMEN_IN_URBAN received conditional cash for rent assistance","MAFRAQ","Women","Caritas","   Urban areas - ","Direct appeal","Caritas","Yes","1","1711",0,"# HH","Mafraq Governorate","North","Urban"
"12522","SHELTER","29/2/2016","Cash for Rent","[REF2.1.1]Cash for Rent","ional cash for rent assistance","# of vulnerable SYRIAN_GIRLS_IN_URBAN received conditional cash for rent assistance","ZARQA","Girls","Caritas","   Urban areas - ","Direct appeal","Caritas","Yes","1","1712",58,"# girls","Zarqa Governorate","North","Urban"
"13271","SHELTER","29/2/2016","Cash for Rent","[REF2.1.1]Cash for Rent","ional cash for rent assistance","# of vulnerable SYRIAN_WOMEN_IN_URBAN received conditional cash for rent assistance","ZARQA","Women","Caritas","   Urban areas - ","Direct appeal","Caritas","Yes","1","1712",56,"# HH","Zarqa Governorate","North","Urban"
"13463","SHELTER","31/1/2016","Cash for Rent","[REF2.1.1]Cash for Rent","ional cash for rent assistance","# of vulnerable SYRIAN_GIRLS_IN_URBAN received conditional cash for rent assistance","ZARQA","Girls","Caritas","   Urban areas - ","Direct appeal","Caritas","Yes","1","1712",58,"# girls","Zarqa Governorate","North","Urban"
"13957","SHELTER","31/1/2016","Cash for Rent","[REF2.1.1]Cash for Rent","ional cash for rent assistance","# of vulnerable SYRIAN_WOMEN_IN_URBAN received conditional cash for rent assistance","ZARQA","Women","Caritas","   Urban areas - ","Direct appeal","Caritas","Yes","1","1712",56,"# HH","Zarqa Governorate","North","Urban"
"1606","SHELTER","29/2/2016","Cash for Rent","[REF2.1.1]Cash for Rent","nal cash for rent assistance","# of vulnerable SYRIAN_BOYS_IN_URBAN received conditional cash for rent assistance","BALQA","Boys","Caritas","   Urban areas - ","Direct appeal","Caritas","Yes","2","1702",0,"# boys","Al Balqa Governorate","Center","Urban"
"1661","SHELTER","31/1/2016","Cash for Rent","[REF2.1.1]Cash for Rent","nal cash for rent assistance","# of vulnerable SYRIAN_BOYS_IN_URBAN received conditional cash for rent assistance","BALQA","Boys","Caritas","   Urban areas - ","Direct appeal","Caritas","Yes","2","1702",0,"# boys","Al Balqa Governorate","Center","Urban"
"3093","SHELTER","29/2/2016","Cash for Rent","[REF2.1.1]Cash for Rent","nal cash for rent assistance","# of vulnerable SYRIAN_BOYS_IN_URBAN received conditional cash for rent assistance","AMMAN","Boys","Caritas","   Urban areas - ","Direct appeal","Caritas","Yes","2","1705",66,"# boys","Amman Governorate","Center","Urban"
"4034","SHELTER","31/1/2016","Cash for Rent","[REF2.1.1]Cash for Rent","nal cash for rent assistance","# of vulnerable SYRIAN_BOYS_IN_URBAN received conditional cash for rent assistance","AMMAN","Boys","Caritas","   Urban areas - ","Direct appeal","Caritas","Yes","2","1705",66,"# boys","Amman Governorate","Center","Urban"
"5454","SHELTER","29/2/2016","Cash for Rent","[REF2.1.1]Cash for Rent","nal cash for rent assistance","# of vulnerable SYRIAN_BOYS_IN_URBAN received conditional cash for rent assistance","IRBID","Boys","Caritas","   Urban areas - ","Direct appeal","Caritas","Yes","1","1707",60,"# boys","Irbid Governorate","North","Urban"
"6662","SHELTER","31/1/2016","Cash for Rent","[REF2.1.1]Cash for Rent","nal cash for rent assistance","# of vulnerable SYRIAN_BOYS_IN_URBAN received conditional cash for rent assistance","IRBID","Boys","Caritas","   Urban areas - ","Direct appeal","Caritas","Yes","1","1707",60,"# boys","Irbid Governorate","North","Urban"
"7956","SHELTER","31/1/2016","Cash for Rent","[REF2.1.1]Cash for Rent","nal cash for rent assistance","# of vulnerable SYRIAN_BOYS_IN_URBAN received conditional cash for rent assistance","KARAK","Boys","Caritas","   Urban areas - ","Direct appeal","Caritas","Yes","3","1704",0,"# boys","Karak Governorate","South","Urban"
"8077","SHELTER","29/2/2016","Cash for Rent","[REF2.1.1]Cash for Rent","nal cash for rent assistance","# of vulnerable SYRIAN_BOYS_IN_URBAN received conditional cash for rent assistance","KARAK","Boys","Caritas","   Urban areas - ","Direct appeal","Caritas","Yes","3","1704",0,"# boys","Karak Governorate","South","Urban"
"9728","SHELTER","29/2/2016","Cash for Rent","[REF2.1.1]Cash for Rent","nal cash for rent assistance","# of vulnerable SYRIAN_BOYS_IN_URBAN received conditional cash for rent assistance","MAFRAQ","Boys","ICMC","  Other[Villages, Rural areas]  - ","Direct appeal","None - Fund direct from Donors","Yes","1","1711",2,"# boys","Liwa al Badiyah ash Shamaliyah","North","Urban"
"9966","SHELTER","31/1/2016","Cash for Rent","[REF2.1.1]Cash for Rent","nal cash for rent assistance","# of vulnerable SYRIAN_BOYS_IN_URBAN received conditional cash for rent assistance","MAFRAQ","Boys","ICMC","  Other[Villages, Rural areas]  - ","Direct appeal","None - Fund direct from Donors","Yes","1","1711",0,"# boys","Liwa al Badiyah ash Shamaliyah","North","Urban"
"11923","SHELTER","31/1/2016","Cash for Rent","[REF2.1.1]Cash for Rent","nal cash for rent assistance","# of vulnerable SYRIAN_BOYS_IN_URBAN received conditional cash for rent assistance","MAFRAQ","Boys","ICMC","  Other[Villages, Rural areas]  - ","Direct appeal","None - Fund direct from Donors","Yes","1","1711",0,"# boys","Liwa al Badiyah ash Shamaliyah al Gharbiyah","North","Urban"
"11931","SHELTER","29/2/2016","Cash for Rent","[REF2.1.1]Cash for Rent","nal cash for rent assistance","# of vulnerable SYRIAN_BOYS_IN_URBAN received conditional cash for rent assistance","MAFRAQ","Boys","ICMC","  Other[Villages, Rural areas]  - ","Direct appeal","None - Fund direct from Donors","Yes","1","1711",45,"# boys","Liwa al Badiyah ash Shamaliyah al Gharbiyah","North","Urban"
"5546","SHELTER","29/2/2016","Cash for Rent","[REF2.1.1]Cash for Rent","nal cash for rent assistance","# of vulnerable SYRIAN_BOYS_IN_URBAN received conditional cash for rent assistance","IRBID","Boys","ICMC","  Other[Villages, Rural areas]  - ","Direct appeal","None - Fund direct from Donors","Yes","1","1707",0,"# boys","Liwa al Mazar ash Shamali","North","Urban"
"5602","SHELTER","31/1/2016","Cash for Rent","[REF2.1.1]Cash for Rent","nal cash for rent assistance","# of vulnerable SYRIAN_BOYS_IN_URBAN received conditional cash for rent assistance","IRBID","Boys","ICMC","  Other[Villages, Rural areas]  - ","Direct appeal","None - Fund direct from Donors","Yes","1","1707",19,"# boys","Liwa al Mazar ash Shamali","North","Urban"
"7343","SHELTER","31/1/2016","Cash for Rent","[REF2.1.1]Cash for Rent","nal cash for rent assistance","# of vulnerable SYRIAN_BOYS_IN_URBAN received conditional cash for rent assistance","IRBID","Boys","ICMC","  Other[Villages, Rural areas]  - ","Direct appeal","None - Fund direct from Donors","Yes","1","1707",2,"# boys","Liwa al Wasatiyah","North","Urban"
"7390","SHELTER","29/2/2016","Cash for Rent","[REF2.1.1]Cash for Rent","nal cash for rent assistance","# of vulnerable SYRIAN_BOYS_IN_URBAN received conditional cash for rent assistance","IRBID","Boys","ICMC","  Other[Villages, Rural areas]  - ","Direct appeal","None - Fund direct from Donors","Yes","1","1707",10,"# boys","Liwa al Wasatiyah","North","Urban"
"5281","SHELTER","31/1/2016","Cash for Rent","[REF2.1.1]Cash for Rent","nal cash for rent assistance","# of vulnerable SYRIAN_BOYS_IN_URBAN received conditional cash for rent assistance","IRBID","Boys","ICMC","  Other[Villages, Rural areas]  - ","Direct appeal","None - Fund direct from Donors","Yes","1","1707",0,"# boys","Liwa ar Ramtha","North","Urban"
"7010","SHELTER","29/2/2016","Cash for Rent","[REF2.1.1]Cash for Rent","nal cash for rent assistance","# of vulnerable SYRIAN_BOYS_IN_URBAN received conditional cash for rent assistance","IRBID","Boys","ICMC","  Other[Villages, Rural areas]  - ","Direct appeal","None - Fund direct from Donors","Yes","1","1707",5,"# boys","Liwa ar Ramtha","North","Urban"
"7323","SHELTER","31/1/2016","Cash for Rent","[REF2.1.1]Cash for Rent","nal cash for rent assistance","# of vulnerable SYRIAN_BOYS_IN_URBAN received conditional cash for rent assistance","IRBID","Boys","ICMC","  Other[Villages, Rural areas]  - ","Direct appeal","None - Fund direct from Donors","Yes","1","1707",0,"# boys","Liwa Bani Ubayid","North","Urban"
"7331","SHELTER","29/2/2016","Cash for Rent","[REF2.1.1]Cash for Rent","nal cash for rent assistance","# of vulnerable SYRIAN_BOYS_IN_URBAN received conditional cash for rent assistance","IRBID","Boys","ICMC","  Other[Villages, Rural areas]  - ","Direct appeal","None - Fund direct from Donors","Yes","1","1707",0,"# boys","Liwa Bani Ubayid","North","Urban"
"10390","SHELTER","31/1/2016","Cash for Rent","[REF2.1.1]Cash for Rent","nal cash for rent assistance","# of vulnerable SYRIAN_BOYS_IN_URBAN received conditional cash for rent assistance","MAFRAQ","Boys","ICMC","  Other[Villages, Rural areas]  - ","Direct appeal","None - Fund direct from Donors","Yes","1","1711",79,"# boys","Liwa Qasabat al Mafraq","North","Urban"
"10503","SHELTER","29/2/2016","Cash for Rent","[REF2.1.1]Cash for Rent","nal cash for rent assistance","# of vulnerable SYRIAN_BOYS_IN_URBAN received conditional cash for rent assistance","MAFRAQ","Boys","ICMC","  Other[Villages, Rural areas]  - ","Direct appeal","None - Fund direct from Donors","Yes","1","1711",54,"# boys","Liwa Qasabat al Mafraq","North","Urban"
"5315","SHELTER","29/2/2016","Cash for Rent","[REF2.1.1]Cash for Rent","nal cash for rent assistance","# of vulnerable SYRIAN_BOYS_IN_URBAN received conditional cash for rent assistance","IRBID","Boys","ICMC","   Urban areas - ","Direct appeal","None - Fund direct from Donors","Yes","1","1707",50,"# boys","Liwa Qasabat Irbid","North","Urban"
"6530","SHELTER","31/1/2016","Cash for Rent","[REF2.1.1]Cash for Rent","nal cash for rent assistance","# of vulnerable SYRIAN_BOYS_IN_URBAN received conditional cash for rent assistance","IRBID","Boys","ICMC","   Urban areas - ","Direct appeal","None - Fund direct from Donors","Yes","1","1707",33,"# boys","Liwa Qasabat Irbid","North","Urban"
"7831","SHELTER","29/2/2016","Cash for Rent","[REF2.1.1]Cash for Rent","nal cash for rent assistance","# of vulnerable SYRIAN_BOYS_IN_URBAN received conditional cash for rent assistance","JARASH","Boys","ICMC","  Other[Villages, Rural areas]  - ","Direct appeal","None - Fund direct from Donors","Yes","1","1708",0,"# boys","Liwa Qasabat Jarash","North","Urban"
"7900","SHELTER","31/1/2016","Cash for Rent","[REF2.1.1]Cash for Rent","nal cash for rent assistance","# of vulnerable SYRIAN_BOYS_IN_URBAN received conditional cash for rent assistance","JARASH","Boys","ICMC","  Other[Villages, Rural areas]  - ","Direct appeal","None - Fund direct from Donors","Yes","1","1708",0,"# boys","Liwa Qasabat Jarash","North","Urban"
"9352","SHELTER","31/1/2016","Cash for Rent","[REF2.1.1]Cash for Rent","nal cash for rent assistance","# of vulnerable SYRIAN_BOYS_IN_URBAN received conditional cash for rent assistance","MADABA","Boys","Caritas","   Urban areas - ","Direct appeal","Caritas","Yes","2","1710",36,"# boys","Madaba Governorate","Center","Urban"
"9354","SHELTER","29/2/2016","Cash for Rent","[REF2.1.1]Cash for Rent","nal cash for rent assistance","# of vulnerable SYRIAN_BOYS_IN_URBAN received conditional cash for rent assistance","MADABA","Boys","Caritas","   Urban areas - ","Direct appeal","Caritas","Yes","2","1710",36,"# boys","Madaba Governorate","Center","Urban"
"11714","SHELTER","29/2/2016","Cash for Rent","[REF2.1.1]Cash for Rent","nal cash for rent assistance","# of vulnerable SYRIAN_BOYS_IN_URBAN received conditional cash for rent assistance","MAFRAQ","Boys","Caritas","   Urban areas - ","Direct appeal","Caritas","Yes","1","1711",0,"# boys","Mafraq Governorate","North","Urban"
"12159","SHELTER","31/1/2016","Cash for Rent","[REF2.1.1]Cash for Rent","nal cash for rent assistance","# of vulnerable SYRIAN_BOYS_IN_URBAN received conditional cash for rent assistance","MAFRAQ","Boys","Caritas","   Urban areas - ","Direct appeal","Caritas","Yes","1","1711",0,"# boys","Mafraq Governorate","North","Urban"
"12355","SHELTER","31/1/2016","Cash for Rent","[REF2.1.1]Cash for Rent","nal cash for rent assistance","# of vulnerable SYRIAN_BOYS_IN_URBAN received conditional cash for rent assistance","ZARQA","Boys","Caritas","   Urban areas - ","Direct appeal","Caritas","Yes","1","1712",48,"# boys","Zarqa Governorate","North","Urban"
"13984","SHELTER","29/2/2016","Cash for Rent","[REF2.1.1]Cash for Rent","nal cash for rent assistance","# of vulnerable SYRIAN_BOYS_IN_URBAN received conditional cash for rent assistance","ZARQA","Boys","Caritas","   Urban areas - ","Direct appeal","Caritas","Yes","1","1712",48,"# boys","Zarqa Governorate","North","Urban"
"5203","SHELTER","31/1/2016","Upgrade Housing Units","[REF2.3.1]Upgrade Housing urban/rural"," improved conditions","# of SYRIAN_WOMEN_IN_URBAN benifiting from improved conditions","IRBID","Women","NRC","   Urban areas - ","Direct appeal","None - Fund direct from Donors","Yes","1","1707",5,"# of women","Irbid Governorate","North","Urban"
"5991","SHELTER","29/2/2016","Upgrade Housing Units","[REF2.3.1]Upgrade Housing urban/rural"," improved conditions","# of SYRIAN_GIRLS_IN_URBAN benifiting from improved conditions","IRBID","Girls","NRC","   Urban areas - ","Direct appeal","None - Fund direct from Donors","Yes","1","1707",7,"# of girls","Irbid Governorate","North","Urban"
"6500","SHELTER","31/1/2016","Upgrade Housing Units","[REF2.3.1]Upgrade Housing urban/rural"," improved conditions","# of SYRIAN_GIRLS_IN_URBAN benifiting from improved conditions","IRBID","Girls","NRC","   Urban areas - ","Direct appeal","None - Fund direct from Donors","Yes","1","1707",5,"# of girls","Irbid Governorate","North","Urban"
"6586","SHELTER","29/2/2016","Upgrade Housing Units","[REF2.3.1]Upgrade Housing urban/rural"," improved conditions","# of SYRIAN_WOMEN_IN_URBAN benifiting from improved conditions","IRBID","Women","NRC","   Urban areas - ","Direct appeal","None - Fund direct from Donors","Yes","1","1707",6,"# of women","Irbid Governorate","North","Urban"
"5846","SHELTER","29/2/2016","Upgrade Housing Units","[REF2.3.1]Upgrade Housing urban/rural"," improved conditions","# of SYRIAN_WOMEN_IN_URBAN benifiting from improved conditions","IRBID","Women","NRC","   Urban areas - ","Direct appeal","None - Fund direct from Donors","Yes","1","1707",0,"# of women","Liwa al Kurah","North","Urban"
"6959","SHELTER","29/2/2016","Upgrade Housing Units","[REF2.3.1]Upgrade Housing urban/rural"," improved conditions","# of SYRIAN_GIRLS_IN_URBAN benifiting from improved conditions","IRBID","Girls","NRC","   Urban areas - ","Direct appeal","None - Fund direct from Donors","Yes","1","1707",0,"# of girls","Liwa al Kurah","North","Urban"
"6973","SHELTER","31/1/2016","Upgrade Housing Units","[REF2.3.1]Upgrade Housing urban/rural"," improved conditions","# of SYRIAN_WOMEN_IN_URBAN benifiting from improved conditions","IRBID","Women","NRC","   Urban areas - ","Direct appeal","None - Fund direct from Donors","Yes","1","1707",0,"# of women","Liwa al Kurah","North","Urban"
"6997","SHELTER","31/1/2016","Upgrade Housing Units","[REF2.3.1]Upgrade Housing urban/rural"," improved conditions","# of SYRIAN_GIRLS_IN_URBAN benifiting from improved conditions","IRBID","Girls","NRC","   Urban areas - ","Direct appeal","None - Fund direct from Donors","Yes","1","1707",0,"# of girls","Liwa al Kurah","North","Urban"
"5561","SHELTER","31/1/2016","Upgrade Housing Units","[REF2.3.1]Upgrade Housing urban/rural"," improved conditions","# of SYRIAN_GIRLS_IN_URBAN benifiting from improved conditions","IRBID","Girls","NRC","   Urban areas - ","Direct appeal","None - Fund direct from Donors","Yes","1","1707",0,"# of girls","Liwa al Mazar ash Shamali","North","Urban"
"5570","SHELTER","29/2/2016","Upgrade Housing Units","[REF2.3.1]Upgrade Housing urban/rural"," improved conditions","# of SYRIAN_GIRLS_IN_URBAN benifiting from improved conditions","IRBID","Girls","NRC","   Urban areas - ","Direct appeal","None - Fund direct from Donors","Yes","1","1707",0,"# of girls","Liwa al Mazar ash Shamali","North","Urban"
"5587","SHELTER","31/1/2016","Upgrade Housing Units","[REF2.3.1]Upgrade Housing urban/rural"," improved conditions","# of SYRIAN_WOMEN_IN_URBAN benifiting from improved conditions","IRBID","Women","NRC","   Urban areas - ","Direct appeal","None - Fund direct from Donors","Yes","1","1707",0,"# of women","Liwa al Mazar ash Shamali","North","Urban"
"5604","SHELTER","29/2/2016","Upgrade Housing Units","[REF2.3.1]Upgrade Housing urban/rural"," improved conditions","# of SYRIAN_WOMEN_IN_URBAN benifiting from improved conditions","IRBID","Women","NRC","   Urban areas - ","Direct appeal","None - Fund direct from Donors","Yes","1","1707",0,"# of women","Liwa al Mazar ash Shamali","North","Urban"
"6892","SHELTER","31/1/2016","Upgrade Housing Units","[REF2.3.1]Upgrade Housing urban/rural"," improved conditions","# of SYRIAN_GIRLS_IN_URBAN benifiting from improved conditions","IRBID","Girls","NRC","   Urban areas - ","Direct appeal","None - Fund direct from Donors","Yes","1","1707",0,"# of girls","Liwa al Wasatiyah","North","Urban"
"6897","SHELTER","29/2/2016","Upgrade Housing Units","[REF2.3.1]Upgrade Housing urban/rural"," improved conditions","# of SYRIAN_WOMEN_IN_URBAN benifiting from improved conditions","IRBID","Women","NRC","   Urban areas - ","Direct appeal","None - Fund direct from Donors","Yes","1","1707",0,"# of women","Liwa al Wasatiyah","North","Urban"
"6901","SHELTER","29/2/2016","Upgrade Housing Units","[REF2.3.1]Upgrade Housing urban/rural"," improved conditions","# of SYRIAN_GIRLS_IN_URBAN benifiting from improved conditions","IRBID","Girls","NRC","   Urban areas - ","Direct appeal","None - Fund direct from Donors","Yes","1","1707",0,"# of girls","Liwa al Wasatiyah","North","Urban"
"6911","SHELTER","31/1/2016","Upgrade Housing Units","[REF2.3.1]Upgrade Housing urban/rural"," improved conditions","# of SYRIAN_WOMEN_IN_URBAN benifiting from improved conditions","IRBID","Women","NRC","   Urban areas - ","Direct appeal","None - Fund direct from Donors","Yes","1","1707",0,"# of women","Liwa al Wasatiyah","North","Urban"
"4684","SHELTER","31/1/2016","Upgrade Housing Units","[REF2.3.1]Upgrade Housing urban/rural"," improved conditions","# of SYRIAN_GIRLS_IN_URBAN benifiting from improved conditions","IRBID","Girls","NRC","   Urban areas - ","Direct appeal","None - Fund direct from Donors","Yes","1","1707",0,"# of girls","Liwa at Tayyibah","North","Urban"
"4808","SHELTER","31/1/2016","Upgrade Housing Units","[REF2.3.1]Upgrade Housing urban/rural"," improved conditions","# of SYRIAN_WOMEN_IN_URBAN benifiting from improved conditions","IRBID","Women","NRC","   Urban areas - ","Direct appeal","None - Fund direct from Donors","Yes","1","1707",0,"# of women","Liwa at Tayyibah","North","Urban"
"4811","SHELTER","29/2/2016","Upgrade Housing Units","[REF2.3.1]Upgrade Housing urban/rural"," improved conditions","# of SYRIAN_WOMEN_IN_URBAN benifiting from improved conditions","IRBID","Women","NRC","   Urban areas - ","Direct appeal","None - Fund direct from Donors","Yes","1","1707",0,"# of women","Liwa at Tayyibah","North","Urban"
"4812","SHELTER","29/2/2016","Upgrade Housing Units","[REF2.3.1]Upgrade Housing urban/rural"," improved conditions","# of SYRIAN_GIRLS_IN_URBAN benifiting from improved conditions","IRBID","Girls","NRC","   Urban areas - ","Direct appeal","None - Fund direct from Donors","Yes","1","1707",0,"# of girls","Liwa at Tayyibah","North","Urban"
"5825","SHELTER","29/2/2016","Upgrade Housing Units","[REF2.3.1]Upgrade Housing urban/rural"," improved conditions","# of SYRIAN_GIRLS_IN_URBAN benifiting from improved conditions","IRBID","Girls","NRC","   Urban areas - ","Direct appeal","None - Fund direct from Donors","Yes","1","1707",0,"# of girls","Liwa Bani Kinanah","North","Urban"
"5834","SHELTER","29/2/2016","Upgrade Housing Units","[REF2.3.1]Upgrade Housing urban/rural"," improved conditions","# of SYRIAN_WOMEN_IN_URBAN benifiting from improved conditions","IRBID","Women","NRC","   Urban areas - ","Direct appeal","None - Fund direct from Donors","Yes","1","1707",0,"# of women","Liwa Bani Kinanah","North","Urban"
"6827","SHELTER","31/1/2016","Upgrade Housing Units","[REF2.3.1]Upgrade Housing urban/rural"," improved conditions","# of SYRIAN_WOMEN_IN_URBAN benifiting from improved conditions","IRBID","Women","NRC","   Urban areas - ","Direct appeal","None - Fund direct from Donors","Yes","1","1707",0,"# of women","Liwa Bani Kinanah","North","Urban"
"6833","SHELTER","31/1/2016","Upgrade Housing Units","[REF2.3.1]Upgrade Housing urban/rural"," improved conditions","# of SYRIAN_GIRLS_IN_URBAN benifiting from improved conditions","IRBID","Girls","NRC","   Urban areas - ","Direct appeal","None - Fund direct from Donors","Yes","1","1707",0,"# of girls","Liwa Bani Kinanah","North","Urban"
"7193","SHELTER","31/1/2016","Upgrade Housing Units","[REF2.3.1]Upgrade Housing urban/rural"," improved conditions","# of SYRIAN_GIRLS_IN_URBAN benifiting from improved conditions","IRBID","Girls","NRC","   Urban areas - ","Direct appeal","None - Fund direct from Donors","Yes","1","1707",10,"# of girls","Liwa Bani Ubayid","North","Urban"
"7247","SHELTER","29/2/2016","Upgrade Housing Units","[REF2.3.1]Upgrade Housing urban/rural"," improved conditions","# of SYRIAN_GIRLS_IN_URBAN benifiting from improved conditions","IRBID","Girls","NRC","   Urban areas - ","Direct appeal","None - Fund direct from Donors","Yes","1","1707",0,"# of girls","Liwa Bani Ubayid","North","Urban"
"7319","SHELTER","29/2/2016","Upgrade Housing Units","[REF2.3.1]Upgrade Housing urban/rural"," improved conditions","# of SYRIAN_WOMEN_IN_URBAN benifiting from improved conditions","IRBID","Women","NRC","   Urban areas - ","Direct appeal","None - Fund direct from Donors","Yes","1","1707",0,"# of women","Liwa Bani Ubayid","North","Urban"
"7321","SHELTER","31/1/2016","Upgrade Housing Units","[REF2.3.1]Upgrade Housing urban/rural"," improved conditions","# of SYRIAN_WOMEN_IN_URBAN benifiting from improved conditions","IRBID","Women","NRC","   Urban areas - ","Direct appeal","None - Fund direct from Donors","Yes","1","1707",7,"# of women","Liwa Bani Ubayid","North","Urban"
"10455","SHELTER","29/2/2016","Upgrade Housing Units","[REF2.3.1]Upgrade Housing urban/rural"," improved conditions","# of SYRIAN_WOMEN_IN_URBAN benifiting from improved conditions","MAFRAQ","Women","IOCC","   Urban areas - ","Direct appeal","None - Fund direct from Donors","Yes","1","1711",32,"# of women","Liwa Qasabat al Mafraq","North","Urban"
"10545","SHELTER","29/2/2016","Upgrade Housing Units","[REF2.3.1]Upgrade Housing urban/rural"," improved conditions","# of SYRIAN_GIRLS_IN_URBAN benifiting from improved conditions","MAFRAQ","Girls","IOCC","   Urban areas - ","Direct appeal","None - Fund direct from Donors","Yes","1","1711",55,"# of girls","Liwa Qasabat al Mafraq","North","Urban"
"10550","SHELTER","31/1/2016","Upgrade Housing Units","[REF2.3.1]Upgrade Housing urban/rural"," improved conditions","# of SYRIAN_WOMEN_IN_URBAN benifiting from improved conditions","MAFRAQ","Women","IOCC","   Urban areas - ","Direct appeal","None - Fund direct from Donors","Yes","1","1711",0,"# of women","Liwa Qasabat al Mafraq","North","Urban"
"10707","SHELTER","31/1/2016","Upgrade Housing Units","[REF2.3.1]Upgrade Housing urban/rural"," improved conditions","# of SYRIAN_GIRLS_IN_URBAN benifiting from improved conditions","MAFRAQ","Girls","IOCC","   Urban areas - ","Direct appeal","None - Fund direct from Donors","Yes","1","1711",0,"# of girls","Liwa Qasabat al Mafraq","North","Urban"
"13413","SHELTER","29/2/2016","Upgrade Housing Units","[REF2.3.1]Upgrade Housing urban/rural"," improved conditions","# of SYRIAN_GIRLS_IN_URBAN benifiting from improved conditions","ZARQA","Girls","IOCC","   Urban areas - ","Direct appeal","None - Fund direct from Donors","Yes","1","1712",24,"# of girls","Zarqa Governorate","North","Urban"
"13512","SHELTER","31/1/2016","Upgrade Housing Units","[REF2.3.1]Upgrade Housing urban/rural"," improved conditions","# of SYRIAN_WOMEN_IN_URBAN benifiting from improved conditions","ZARQA","Women","IOCC","   Urban areas - ","Direct appeal","None - Fund direct from Donors","Yes","1","1712",0,"# of women","Zarqa Governorate","North","Urban"
"13554","SHELTER","31/1/2016","Upgrade Housing Units","[REF2.3.1]Upgrade Housing urban/rural"," improved conditions","# of SYRIAN_GIRLS_IN_URBAN benifiting from improved conditions","ZARQA","Girls","IOCC","   Urban areas - ","Direct appeal","None - Fund direct from Donors","Yes","1","1712",0,"# of girls","Zarqa Governorate","North","Urban"
"14021","SHELTER","29/2/2016","Upgrade Housing Units","[REF2.3.1]Upgrade Housing urban/rural"," improved conditions","# of SYRIAN_WOMEN_IN_URBAN benifiting from improved conditions","ZARQA","Women","IOCC","   Urban areas - ","Direct appeal","None - Fund direct from Donors","Yes","1","1712",19,"# of women","Zarqa Governorate","North","Urban"
"6353","SHELTER","29/2/2016","Upgrade Housing Units","[REF2.3.1]Upgrade Housing urban/rural","proved conditions","# # SYRIAN_BOYS_IN_URBAN benifiting for improved conditions","IRBID","Boys","NRC","   Urban areas - ","Direct appeal","None - Fund direct from Donors","Yes","1","1707",6,"# of boys","Irbid Governorate","North","Urban"
"6376","SHELTER","31/1/2016","Upgrade Housing Units","[REF2.3.1]Upgrade Housing urban/rural","proved conditions","# # SYRIAN_BOYS_IN_URBAN benifiting for improved conditions","IRBID","Boys","NRC","   Urban areas - ","Direct appeal","None - Fund direct from Donors","Yes","1","1707",7,"# of boys","Irbid Governorate","North","Urban"
"5859","SHELTER","29/2/2016","Upgrade Housing Units","[REF2.3.1]Upgrade Housing urban/rural","proved conditions","# # SYRIAN_BOYS_IN_URBAN benifiting for improved conditions","IRBID","Boys","NRC","   Urban areas - ","Direct appeal","None - Fund direct from Donors","Yes","1","1707",0,"# of boys","Liwa al Kurah","North","Urban"
"6885","SHELTER","31/1/2016","Upgrade Housing Units","[REF2.3.1]Upgrade Housing urban/rural","proved conditions","# # SYRIAN_BOYS_IN_URBAN benifiting for improved conditions","IRBID","Boys","NRC","   Urban areas - ","Direct appeal","None - Fund direct from Donors","Yes","1","1707",0,"# of boys","Liwa al Kurah","North","Urban"
"5573","SHELTER","29/2/2016","Upgrade Housing Units","[REF2.3.1]Upgrade Housing urban/rural","proved conditions","# # SYRIAN_BOYS_IN_URBAN benifiting for improved conditions","IRBID","Boys","NRC","   Urban areas - ","Direct appeal","None - Fund direct from Donors","Yes","1","1707",0,"# of boys","Liwa al Mazar ash Shamali","North","Urban"
"5580","SHELTER","31/1/2016","Upgrade Housing Units","[REF2.3.1]Upgrade Housing urban/rural","proved conditions","# # SYRIAN_BOYS_IN_URBAN benifiting for improved conditions","IRBID","Boys","NRC","   Urban areas - ","Direct appeal","None - Fund direct from Donors","Yes","1","1707",0,"# of boys","Liwa al Mazar ash Shamali","North","Urban"
"7326","SHELTER","31/1/2016","Upgrade Housing Units","[REF2.3.1]Upgrade Housing urban/rural","proved conditions","# # SYRIAN_BOYS_IN_URBAN benifiting for improved conditions","IRBID","Boys","NRC","   Urban areas - ","Direct appeal","None - Fund direct from Donors","Yes","1","1707",0,"# of boys","Liwa al Wasatiyah","North","Urban"
"7392","SHELTER","29/2/2016","Upgrade Housing Units","[REF2.3.1]Upgrade Housing urban/rural","proved conditions","# # SYRIAN_BOYS_IN_URBAN benifiting for improved conditions","IRBID","Boys","NRC","   Urban areas - ","Direct appeal","None - Fund direct from Donors","Yes","1","1707",0,"# of boys","Liwa al Wasatiyah","North","Urban"
"4813","SHELTER","29/2/2016","Upgrade Housing Units","[REF2.3.1]Upgrade Housing urban/rural","proved conditions","# # SYRIAN_BOYS_IN_URBAN benifiting for improved conditions","IRBID","Boys","NRC","   Urban areas - ","Direct appeal","None - Fund direct from Donors","Yes","1","1707",0,"# of boys","Liwa at Tayyibah","North","Urban"
"4815","SHELTER","31/1/2016","Upgrade Housing Units","[REF2.3.1]Upgrade Housing urban/rural","proved conditions","# # SYRIAN_BOYS_IN_URBAN benifiting for improved conditions","IRBID","Boys","NRC","   Urban areas - ","Direct appeal","None - Fund direct from Donors","Yes","1","1707",0,"# of boys","Liwa at Tayyibah","North","Urban"
"5829","SHELTER","31/1/2016","Upgrade Housing Units","[REF2.3.1]Upgrade Housing urban/rural","proved conditions","# # SYRIAN_BOYS_IN_URBAN benifiting for improved conditions","IRBID","Boys","NRC","   Urban areas - ","Direct appeal","None - Fund direct from Donors","Yes","1","1707",0,"# of boys","Liwa Bani Kinanah","North","Urban"
"6822","SHELTER","29/2/2016","Upgrade Housing Units","[REF2.3.1]Upgrade Housing urban/rural","proved conditions","# # SYRIAN_BOYS_IN_URBAN benifiting for improved conditions","IRBID","Boys","NRC","   Urban areas - ","Direct appeal","None - Fund direct from Donors","Yes","1","1707",0,"# of boys","Liwa Bani Kinanah","North","Urban"
"6990","SHELTER","29/2/2016","Upgrade Housing Units","[REF2.3.1]Upgrade Housing urban/rural","proved conditions","# # SYRIAN_BOYS_IN_URBAN benifiting for improved conditions","IRBID","Boys","NRC","   Urban areas - ","Direct appeal","None - Fund direct from Donors","Yes","1","1707",0,"# of boys","Liwa Bani Ubayid","North","Urban"
"7306","SHELTER","31/1/2016","Upgrade Housing Units","[REF2.3.1]Upgrade Housing urban/rural","proved conditions","# # SYRIAN_BOYS_IN_URBAN benifiting for improved conditions","IRBID","Boys","NRC","   Urban areas - ","Direct appeal","None - Fund direct from Donors","Yes","1","1707",7,"# of boys","Liwa Bani Ubayid","North","Urban"
"10557","SHELTER","29/2/2016","Upgrade Housing Units","[REF2.3.1]Upgrade Housing urban/rural","proved conditions","# # SYRIAN_BOYS_IN_URBAN benifiting for improved conditions","MAFRAQ","Boys","IOCC","   Urban areas - ","Direct appeal","None - Fund direct from Donors","Yes","1","1711",37,"# of boys","Liwa Qasabat al Mafraq","North","Urban"
"10705","SHELTER","31/1/2016","Upgrade Housing Units","[REF2.3.1]Upgrade Housing urban/rural","proved conditions","# # SYRIAN_BOYS_IN_URBAN benifiting for improved conditions","MAFRAQ","Boys","IOCC","   Urban areas - ","Direct appeal","None - Fund direct from Donors","Yes","1","1711",0,"# of boys","Liwa Qasabat al Mafraq","North","Urban"
"12939","SHELTER","31/1/2016","Upgrade Housing Units","[REF2.3.1]Upgrade Housing urban/rural","proved conditions","# # SYRIAN_BOYS_IN_URBAN benifiting for improved conditions","ZARQA","Boys","IOCC","   Urban areas - ","Direct appeal","None - Fund direct from Donors","Yes","1","1712",0,"# of boys","Zarqa Governorate","North","Urban"
"13900","SHELTER","29/2/2016","Upgrade Housing Units","[REF2.3.1]Upgrade Housing urban/rural","proved conditions","# # SYRIAN_BOYS_IN_URBAN benifiting for improved conditions","ZARQA","Boys","IOCC","   Urban areas - ","Direct appeal","None - Fund direct from Donors","Yes","1","1712",16,"# of boys","Zarqa Governorate","North","Urban"
"6074","SHELTER","29/2/2016","Upgrade Housing Units","[REF2.3.1]Upgrade Housing urban/rural","ting for improved conditions","# SYRIAN_MEN_IN_URBAN benifiting for improved conditions","IRBID","Men","NRC","   Urban areas - ","Direct appeal","None - Fund direct from Donors","Yes","1","1707",5,"# of men","Irbid Governorate","North","Urban"
"6611","SHELTER","31/1/2016","Upgrade Housing Units","[REF2.3.1]Upgrade Housing urban/rural","ting for improved conditions","# SYRIAN_MEN_IN_URBAN benifiting for improved conditions","IRBID","Men","NRC","   Urban areas - ","Direct appeal","None - Fund direct from Donors","Yes","1","1707",4,"# of men","Irbid Governorate","North","Urban"
"5857","SHELTER","29/2/2016","Upgrade Housing Units","[REF2.3.1]Upgrade Housing urban/rural","ting for improved conditions","# SYRIAN_MEN_IN_URBAN benifiting for improved conditions","IRBID","Men","NRC","   Urban areas - ","Direct appeal","None - Fund direct from Donors","Yes","1","1707",0,"# of men","Liwa al Kurah","North","Urban"
"7000","SHELTER","31/1/2016","Upgrade Housing Units","[REF2.3.1]Upgrade Housing urban/rural","ting for improved conditions","# SYRIAN_MEN_IN_URBAN benifiting for improved conditions","IRBID","Men","NRC","   Urban areas - ","Direct appeal","None - Fund direct from Donors","Yes","1","1707",0,"# of men","Liwa al Kurah","North","Urban"
"5543","SHELTER","31/1/2016","Upgrade Housing Units","[REF2.3.1]Upgrade Housing urban/rural","ting for improved conditions","# SYRIAN_MEN_IN_URBAN benifiting for improved conditions","IRBID","Men","NRC","   Urban areas - ","Direct appeal","None - Fund direct from Donors","Yes","1","1707",0,"# of men","Liwa al Mazar ash Shamali","North","Urban"
"5544","SHELTER","29/2/2016","Upgrade Housing Units","[REF2.3.1]Upgrade Housing urban/rural","ting for improved conditions","# SYRIAN_MEN_IN_URBAN benifiting for improved conditions","IRBID","Men","NRC","   Urban areas - ","Direct appeal","None - Fund direct from Donors","Yes","1","1707",0,"# of men","Liwa al Mazar ash Shamali","North","Urban"
"6900","SHELTER","29/2/2016","Upgrade Housing Units","[REF2.3.1]Upgrade Housing urban/rural","ting for improved conditions","# SYRIAN_MEN_IN_URBAN benifiting for improved conditions","IRBID","Men","NRC","   Urban areas - ","Direct appeal","None - Fund direct from Donors","Yes","1","1707",0,"# of men","Liwa al Wasatiyah","North","Urban"
"6903","SHELTER","31/1/2016","Upgrade Housing Units","[REF2.3.1]Upgrade Housing urban/rural","ting for improved conditions","# SYRIAN_MEN_IN_URBAN benifiting for improved conditions","IRBID","Men","NRC","   Urban areas - ","Direct appeal","None - Fund direct from Donors","Yes","1","1707",0,"# of men","Liwa al Wasatiyah","North","Urban"
"4806","SHELTER","29/2/2016","Upgrade Housing Units","[REF2.3.1]Upgrade Housing urban/rural","ting for improved conditions","# SYRIAN_MEN_IN_URBAN benifiting for improved conditions","IRBID","Men","NRC","   Urban areas - ","Direct appeal","None - Fund direct from Donors","Yes","1","1707",0,"# of men","Liwa at Tayyibah","North","Urban"
"4809","SHELTER","31/1/2016","Upgrade Housing Units","[REF2.3.1]Upgrade Housing urban/rural","ting for improved conditions","# SYRIAN_MEN_IN_URBAN benifiting for improved conditions","IRBID","Men","NRC","   Urban areas - ","Direct appeal","None - Fund direct from Donors","Yes","1","1707",0,"# of men","Liwa at Tayyibah","North","Urban"
"5804","SHELTER","31/1/2016","Upgrade Housing Units","[REF2.3.1]Upgrade Housing urban/rural","ting for improved conditions","# SYRIAN_MEN_IN_URBAN benifiting for improved conditions","IRBID","Men","NRC","   Urban areas - ","Direct appeal","None - Fund direct from Donors","Yes","1","1707",0,"# of men","Liwa Bani Kinanah","North","Urban"
"5821","SHELTER","29/2/2016","Upgrade Housing Units","[REF2.3.1]Upgrade Housing urban/rural","ting for improved conditions","# SYRIAN_MEN_IN_URBAN benifiting for improved conditions","IRBID","Men","NRC","   Urban areas - ","Direct appeal","None - Fund direct from Donors","Yes","1","1707",0,"# of men","Liwa Bani Kinanah","North","Urban"
"6989","SHELTER","29/2/2016","Upgrade Housing Units","[REF2.3.1]Upgrade Housing urban/rural","ting for improved conditions","# SYRIAN_MEN_IN_URBAN benifiting for improved conditions","IRBID","Men","NRC","   Urban areas - ","Direct appeal","None - Fund direct from Donors","Yes","1","1707",0,"# of men","Liwa Bani Ubayid","North","Urban"
"7194","SHELTER","31/1/2016","Upgrade Housing Units","[REF2.3.1]Upgrade Housing urban/rural","ting for improved conditions","# SYRIAN_MEN_IN_URBAN benifiting for improved conditions","IRBID","Men","NRC","   Urban areas - ","Direct appeal","None - Fund direct from Donors","Yes","1","1707",9,"# of men","Liwa Bani Ubayid","North","Urban"
"10381","SHELTER","29/2/2016","Upgrade Housing Units","[REF2.3.1]Upgrade Housing urban/rural","ting for improved conditions","# SYRIAN_MEN_IN_URBAN benifiting for improved conditions","MAFRAQ","Men","IOCC","   Urban areas - ","Direct appeal","None - Fund direct from Donors","Yes","1","1711",26,"# of men","Liwa Qasabat al Mafraq","North","Urban"
"10649","SHELTER","31/1/2016","Upgrade Housing Units","[REF2.3.1]Upgrade Housing urban/rural","ting for improved conditions","# SYRIAN_MEN_IN_URBAN benifiting for improved conditions","MAFRAQ","Men","IOCC","   Urban areas - ","Direct appeal","None - Fund direct from Donors","Yes","1","1711",0,"# of men","Liwa Qasabat al Mafraq","North","Urban"
"13468","SHELTER","31/1/2016","Upgrade Housing Units","[REF2.3.1]Upgrade Housing urban/rural","ting for improved conditions","# SYRIAN_MEN_IN_URBAN benifiting for improved conditions","ZARQA","Men","IOCC","   Urban areas - ","Direct appeal","None - Fund direct from Donors","Yes","1","1712",0,"# of men","Zarqa Governorate","North","Urban"
"14022","SHELTER","29/2/2016","Upgrade Housing Units","[REF2.3.1]Upgrade Housing urban/rural","ting for improved conditions","# SYRIAN_MEN_IN_URBAN benifiting for improved conditions","ZARQA","Men","IOCC","   Urban areas - ","Direct appeal","None - Fund direct from Donors","Yes","1","1712",8,"# of men","Zarqa Governorate","North","Urban"
