"","sector","StartDate","Category","activity","Indicator","Indicator2","Governorate","Gender","Partner","SiteType","appeal","Fundedby","allocation","rcode","gcode","Value","Units","location","region","poptype"
"18078","FOOD/LIVELIHOOD","30/6/2015","Access to Food","[REF1.2] School Feeding","Syrian Boys (Age 0-17) receiving school snacks in camp school","Syrian Boys (Age 0-17) receiving school snacks in camp school","AzraqCamp","","WFP","Camp    - ","Direct appeal","None - Fund direct from Donors","Yes","1","1712",683,"# of benef","Azraq Camp","North",""
"18200","FOOD/LIVELIHOOD","30/4/2015","Access to Food","[REF1.2] School Feeding","Syrian Boys (Age 0-17) receiving school snacks in camp school","Syrian Boys (Age 0-17) receiving school snacks in camp school","AzraqCamp","","WFP","Camp    - ","Direct appeal","None - Fund direct from Donors","Yes","1","1712",452,"# of benef","Azraq Camp","North",""
"18323","FOOD/LIVELIHOOD","30/3/2015","Access to Food","[REF1.2] School Feeding","Syrian Girls (Age 0-17) receiving school snacks in camp school","Syrian Girls (Age 0-17) receiving school snacks in camp school","AzraqCamp","","WFP","Camp    - ","Direct appeal","None - Fund direct from Donors","Yes","1","1712",613,"# of benef","Azraq Camp","North",""
"19420","FOOD/LIVELIHOOD","30/4/2015","Access to Food","[REF1.2] School Feeding","Syrian Girls (Age 0-17) receiving school snacks in camp school","Syrian Girls (Age 0-17) receiving school snacks in camp school","AzraqCamp","","WFP","Camp    - ","Direct appeal","None - Fund direct from Donors","Yes","1","1712",405,"# of benef","Azraq Camp","North",""
"19426","FOOD/LIVELIHOOD","30/3/2015","Access to Food","[REF1.2] School Feeding","Syrian Boys (Age 0-17) receiving school snacks in camp school","Syrian Boys (Age 0-17) receiving school snacks in camp school","AzraqCamp","","WFP","Camp    - ","Direct appeal","None - Fund direct from Donors","Yes","1","1712",700,"# of benef","Azraq Camp","North",""
"19427","FOOD/LIVELIHOOD","28/2/2015","Access to Food","[REF1.2] School Feeding","Syrian Girls (Age 0-17) receiving school snacks in camp school","Syrian Girls (Age 0-17) receiving school snacks in camp school","AzraqCamp","","WFP","Camp    - ","Direct appeal","None - Fund direct from Donors","Yes","1","1712",491,"# of benef","Azraq Camp","North",""
"19546","FOOD/LIVELIHOOD","30/5/2015","Access to Food","[REF1.2] School Feeding","Syrian Girls (Age 0-17) receiving school snacks in camp school","Syrian Girls (Age 0-17) receiving school snacks in camp school","AzraqCamp","","WFP","Camp    - ","Direct appeal","None - Fund direct from Donors","Yes","1","1712",486,"# of benef","Azraq Camp","North",""
"19666","FOOD/LIVELIHOOD","30/5/2015","Access to Food","[REF1.2] School Feeding","Syrian Boys (Age 0-17) receiving school snacks in camp school","Syrian Boys (Age 0-17) receiving school snacks in camp school","AzraqCamp","","WFP","Camp    - ","Direct appeal","None - Fund direct from Donors","Yes","1","1712",459,"# of benef","Azraq Camp","North",""
"19869","FOOD/LIVELIHOOD","28/2/2015","Access to Food","[REF1.2] School Feeding","Syrian Boys (Age 0-17) receiving school snacks in camp school","Syrian Boys (Age 0-17) receiving school snacks in camp school","AzraqCamp","","WFP","Camp    - ","Direct appeal","None - Fund direct from Donors","Yes","1","1712",476,"# of benef","Azraq Camp","North",""
"20152","FOOD/LIVELIHOOD","30/6/2015","Access to Food","[REF1.2] School Feeding","Syrian Girls (Age 0-17) receiving school snacks in camp school","Syrian Girls (Age 0-17) receiving school snacks in camp school","AzraqCamp","","WFP","Camp    - ","Direct appeal","None - Fund direct from Donors","Yes","1","1712",624,"# of benef","Azraq Camp","North",""
"18490","FOOD/LIVELIHOOD","28/2/2015","Access to Food","[REF1.2] School Feeding","Syrian Boys (Age 0-17) receiving school snacks in camp school","Syrian Boys (Age 0-17) receiving school snacks in camp school","AzraqCamp","","WVI","Camp    - ","Appeal outside of 3RP","None - Fund direct from Donors","No","1","1712",751,"# of benef","Azraq Camp","North",""
"18855","FOOD/LIVELIHOOD","30/5/2015","Access to Food","[REF1.2] School Feeding","Syrian Girls (Age 0-17) receiving school snacks in camp school","Syrian Girls (Age 0-17) receiving school snacks in camp school","AzraqCamp","","WVI","Camp    - ","Appeal outside of 3RP","None - Fund direct from Donors","No","1","1712",3,"# of benef","Azraq Camp","North",""
"18896","FOOD/LIVELIHOOD","30/6/2015","Access to Food","[REF1.2] School Feeding","Syrian Girls (Age 0-17) receiving school snacks in camp school","Syrian Girls (Age 0-17) receiving school snacks in camp school","AzraqCamp","","WVI","Camp    - ","Appeal outside of 3RP","None - Fund direct from Donors","No","1","1712",719,"# of benef","Azraq Camp","North",""
"19015","FOOD/LIVELIHOOD","30/6/2015","Access to Food","[REF1.2] School Feeding","Syrian Boys (Age 0-17) receiving school snacks in camp school","Syrian Boys (Age 0-17) receiving school snacks in camp school","AzraqCamp","","WVI","Camp    - ","Appeal outside of 3RP","None - Fund direct from Donors","No","1","1712",567,"# of benef","Azraq Camp","North",""
"19056","FOOD/LIVELIHOOD","28/2/2015","Access to Food","[REF1.2] School Feeding","Syrian Girls (Age 0-17) receiving school snacks in camp school","Syrian Girls (Age 0-17) receiving school snacks in camp school","AzraqCamp","","WVI","Camp    - ","Appeal outside of 3RP","None - Fund direct from Donors","No","1","1712",698,"# of benef","Azraq Camp","North",""
"19257","FOOD/LIVELIHOOD","30/3/2015","Access to Food","[REF1.2] School Feeding","Syrian Girls (Age 0-17) receiving school snacks in camp school","Syrian Girls (Age 0-17) receiving school snacks in camp school","AzraqCamp","","WVI","Camp    - ","Appeal outside of 3RP","None - Fund direct from Donors","No","1","1712",69,"# of benef","Azraq Camp","North",""
"14569","FOOD/LIVELIHOOD","30/3/2015","Access to Food","[REF1.2] School Feeding","Syrian Boys (Age 0-17) receiving school snacks in camp school","Syrian Boys (Age 0-17) receiving school snacks in camp school","ZaatariCamp","","WFP","Camp    - ","Direct appeal","None - Fund direct from Donors","Yes","1","1711",7485,"# of benef","Zaatari Camp (all district)","North",""
"14691","FOOD/LIVELIHOOD","30/6/2015","Access to Food","[REF1.2] School Feeding","Syrian Boys (Age 0-17) receiving school snacks in camp school","Syrian Boys (Age 0-17) receiving school snacks in camp school","ZaatariCamp","","WFP","Camp    - ","Direct appeal","None - Fund direct from Donors","Yes","1","1711",5370,"# of benef","Zaatari Camp (all district)","North",""
"15301","FOOD/LIVELIHOOD","30/6/2015","Access to Food","[REF1.2] School Feeding","Syrian Girls (Age 0-17) receiving school snacks in camp school","Syrian Girls (Age 0-17) receiving school snacks in camp school","ZaatariCamp","","WFP","Camp    - ","Direct appeal","None - Fund direct from Donors","Yes","1","1711",6438,"# of benef","Zaatari Camp (all district)","North",""
"15302","FOOD/LIVELIHOOD","30/5/2015","Access to Food","[REF1.2] School Feeding","Syrian Girls (Age 0-17) receiving school snacks in camp school","Syrian Girls (Age 0-17) receiving school snacks in camp school","ZaatariCamp","","WFP","Camp    - ","Direct appeal","None - Fund direct from Donors","Yes","1","1711",7122,"# of benef","Zaatari Camp (all district)","North",""
"15303","FOOD/LIVELIHOOD","30/4/2015","Access to Food","[REF1.2] School Feeding","Syrian Girls (Age 0-17) receiving school snacks in camp school","Syrian Girls (Age 0-17) receiving school snacks in camp school","ZaatariCamp","","WFP","Camp    - ","Direct appeal","None - Fund direct from Donors","Yes","1","1711",7703,"# of benef","Zaatari Camp (all district)","North",""
"15309","FOOD/LIVELIHOOD","28/2/2015","Access to Food","[REF1.2] School Feeding","Syrian Girls (Age 0-17) receiving school snacks in camp school","Syrian Girls (Age 0-17) receiving school snacks in camp school","ZaatariCamp","","WFP","Camp    - ","Direct appeal","None - Fund direct from Donors","Yes","1","1711",8310,"# of benef","Zaatari Camp (all district)","North",""
"15664","FOOD/LIVELIHOOD","28/2/2015","Access to Food","[REF1.2] School Feeding","Syrian Boys (Age 0-17) receiving school snacks in camp school","Syrian Boys (Age 0-17) receiving school snacks in camp school","ZaatariCamp","","WFP","Camp    - ","Direct appeal","None - Fund direct from Donors","Yes","1","1711",6952,"# of benef","Zaatari Camp (all district)","North",""
"15668","FOOD/LIVELIHOOD","30/1/2015","Access to Food","[REF1.2] School Feeding","Syrian Girls (Age 0-17) receiving school snacks in camp school","Syrian Girls (Age 0-17) receiving school snacks in camp school","ZaatariCamp","","WFP","Camp    - ","Direct appeal","None - Fund direct from Donors","Yes","1","1711",3799,"# of benef","Zaatari Camp (all district)","North",""
"15672","FOOD/LIVELIHOOD","30/1/2015","Access to Food","[REF1.2] School Feeding","Syrian Boys (Age 0-17) receiving school snacks in camp school","Syrian Boys (Age 0-17) receiving school snacks in camp school","ZaatariCamp","","WFP","Camp    - ","Direct appeal","None - Fund direct from Donors","Yes","1","1711",4958,"# of benef","Zaatari Camp (all district)","North",""
"15916","FOOD/LIVELIHOOD","30/5/2015","Access to Food","[REF1.2] School Feeding","Syrian Boys (Age 0-17) receiving school snacks in camp school","Syrian Boys (Age 0-17) receiving school snacks in camp school","ZaatariCamp","","WFP","Camp    - ","Direct appeal","None - Fund direct from Donors","Yes","1","1711",7031,"# of benef","Zaatari Camp (all district)","North",""
"16398","FOOD/LIVELIHOOD","30/4/2015","Access to Food","[REF1.2] School Feeding","Syrian Boys (Age 0-17) receiving school snacks in camp school","Syrian Boys (Age 0-17) receiving school snacks in camp school","ZaatariCamp","","WFP","Camp    - ","Direct appeal","None - Fund direct from Donors","Yes","1","1711",6819,"# of benef","Zaatari Camp (all district)","North",""
"16399","FOOD/LIVELIHOOD","30/3/2015","Access to Food","[REF1.2] School Feeding","Syrian Girls (Age 0-17) receiving school snacks in camp school","Syrian Girls (Age 0-17) receiving school snacks in camp school","ZaatariCamp","","WFP","Camp    - ","Direct appeal","None - Fund direct from Donors","Yes","1","1711",8366,"# of benef","Zaatari Camp (all district)","North",""
